,City,Cloudiness,Country,Date,Humidity,Lat,Lng,Max temp,Wind Speed
0,Padang,100,ID,1566686885,78,-0.92,100.36,80.26,10.18
1,Kayerkan,75,RU,1566686885,93,69.35,87.76,53.6,6.71
2,Alofi,80,NU,1566686886,78,-19.06,-169.92,80.6,8.05
3,Severo-Kurilsk,100,RU,1566686886,92,50.68,156.12,48.4,37.27
4,Yumen,100,CN,1566686887,20,40.29,97.04,74.32,26.42
5,Saint Anthony,1,US,1566686887,17,43.97,-111.68,86.0,12.75
6,Vestmannaeyjar,58,IS,1566686888,90,63.44,-20.27,50.74,9.6
7,Albany,75,US,1566686771,53,42.65,-73.75,73.99,6.93
8,Niny,100,RU,1566686888,70,44.49,43.95,71.26,6.2
9,Dangriga,20,BZ,1566686888,75,16.97,-88.23,89.6,9.17
10,Provideniya,63,RU,1566686889,48,64.42,-173.23,55.42,5.37
11,Yerofey Pavlovich,0,RU,1566686889,71,53.97,121.97,64.06,2.19
12,Mataura,75,NZ,1566686889,93,-46.19,168.86,48.99,5.01
13,Ternate,40,PH,1566686640,94,14.29,120.72,77.0,2.24
14,Mar del Plata,100,AR,1566686890,59,-46.43,-67.52,50.38,11.61
15,Hermanus,0,ZA,1566686890,81,-34.42,19.24,55.0,3.0
16,Nizwa,64,OM,1566686890,48,22.93,57.53,80.98,0.96
17,Barrow,33,AR,1566686891,76,-38.31,-60.23,53.26,11.12
18,Bereda,20,ES,1566686891,82,43.27,-7.54,66.99,3.36
19,Puerto Ayora,20,EC,1566686892,65,-0.74,-90.35,78.8,16.11
20,Nikolskoye,20,RU,1566686892,87,59.7,30.79,55.0,4.47
21,East London,0,ZA,1566686892,43,-33.02,27.91,61.18,6.6
22,Roald,100,NO,1566686892,60,62.58,6.12,68.0,11.41
23,Cherskiy,75,RU,1566686893,33,68.75,161.3,67.48,3.71
24,Rikitea,87,PF,1566686893,69,-23.12,-134.97,70.0,22.48
25,Malaya Vishera,0,RU,1566686894,97,58.85,32.22,49.48,4.03
26,Punta Arenas,75,CL,1566686889,75,-53.16,-70.91,42.8,6.93
27,Dingle,100,PH,1566686894,76,11.0,122.67,80.44,2.57
28,Mayo,75,CA,1566686895,38,63.59,-135.9,60.8,6.93
29,Castro,75,CL,1566686895,76,-42.48,-73.76,50.0,9.17
30,Ushuaia,75,AR,1566686607,65,-54.81,-68.31,44.6,13.87
31,Tessalit,77,ML,1566686895,48,20.2,1.01,85.48,3.83
32,Ola,92,RU,1566686896,91,59.58,151.3,53.26,7.45
33,Port Augusta,90,AU,1566686896,71,-32.49,137.76,50.0,5.82
34,Balkhash,0,KZ,1566686897,45,46.84,74.98,65.5,10.63
35,Kanniyakumari,93,IN,1566686897,85,8.08,77.57,79.0,15.26
36,Bluff,0,AU,1566686897,54,-23.58,149.07,67.3,5.08
37,Hilo,90,US,1566686898,69,19.71,-155.08,82.4,10.29
38,Iqaluit,90,CA,1566686898,76,63.75,-68.52,53.6,17.22
39,Saint George,0,GR,1566686771,60,39.45,22.34,75.2,1.28
40,Tiznit,48,MA,1566686899,58,29.7,-9.73,75.58,12.48
41,Turukhansk,100,RU,1566686899,81,65.8,87.96,56.5,13.0
42,Soyo,15,AO,1566686900,88,-6.13,12.37,71.62,12.28
43,Carnarvon,0,ZA,1566686900,24,-30.97,22.13,56.14,7.65
44,Yellowknife,75,CA,1566686900,63,62.45,-114.38,62.6,3.6
45,Kodiak,90,US,1566686901,64,39.95,-94.76,73.99,13.87
46,Muncar,4,ID,1566686901,72,-8.43,114.34,74.5,2.35
47,Tangzhai,0,CN,1566686901,82,26.73,109.0,75.22,2.37
48,Quatre Cocos,75,MU,1566686902,94,-20.21,57.76,68.0,10.29
49,Busselton,54,AU,1566686902,68,-33.64,115.35,43.0,11.39
50,Khatanga,33,RU,1566686903,88,71.98,102.47,53.08,7.7
51,Trairi,0,BR,1566686903,85,-3.28,-39.27,71.26,5.46
52,Falam,100,MM,1566686903,99,22.91,93.68,62.62,2.75
53,Thompson,90,CA,1566686904,94,55.74,-97.86,68.0,5.82
54,Norman Wells,75,CA,1566686904,71,65.28,-126.83,51.8,10.29
55,Gamba,60,CN,1566686904,76,28.28,88.52,39.22,3.15
56,Port Alfred,0,ZA,1566686905,73,-33.59,26.89,63.0,4.0
57,Hobart,40,AU,1566686905,92,-42.88,147.33,48.0,3.36
58,Stutterheim,0,ZA,1566686905,19,-32.57,27.43,58.12,8.52
59,Poum,78,MK,1566686905,79,41.28,20.71,60.1,3.09
60,Vardo,90,US,1566686907,46,39.62,-77.74,75.2,3.36
61,Zabid,56,YE,1566686907,58,14.2,44.5,70.36,2.59
62,Kapaa,1,US,1566686907,62,22.08,-159.32,89.6,14.99
63,Goya,33,AR,1566686908,77,-29.14,-59.27,59.56,9.15
64,Hithadhoo,100,MV,1566686908,70,-0.6,73.08,82.6,8.34
65,Los Lunas,1,US,1566686637,9,34.81,-106.76,97.0,10.29
66,Karratha,2,AU,1566686909,31,-20.74,116.85,72.52,4.72
67,Avarua,57,CK,1566686909,74,-21.21,-159.78,78.8,11.41
68,Ormara,63,PK,1566686909,80,25.21,64.64,79.54,5.97
69,Paamiut,0,GL,1566686910,77,61.99,-49.67,41.56,17.43
70,Sitka,54,US,1566686910,56,37.17,-99.65,87.01,18.99
71,Kahului,40,US,1566686910,55,20.89,-156.47,89.6,18.34
72,Babu,19,CN,1566686910,88,23.23,104.89,65.14,3.15
73,Atuona,6,PF,1566686911,71,-9.8,-139.03,79.36,13.33
74,Baykit,87,RU,1566686911,70,61.68,96.39,54.88,2.82
75,Fare,67,PF,1566686911,68,-16.7,-151.02,78.1,6.44
76,Torbay,75,CA,1566686912,76,47.66,-52.73,53.01,16.11
77,Gazojak,0,TM,1566686912,25,41.19,61.4,66.04,10.42
78,Sabirabad,0,AZ,1566686912,94,40.01,48.48,77.0,6.93
79,Fortuna,20,US,1566686723,60,40.6,-124.16,69.8,12.75
80,Airai,0,TL,1566686913,46,-8.93,125.41,78.64,0.83
81,Cabo San Lucas,75,MX,1566686755,74,22.89,-109.91,91.99,8.05
82,Aklavik,90,CA,1566686913,66,68.22,-135.01,48.2,10.29
83,Saint-Leu,0,RE,1566686914,83,-21.15,55.28,71.6,18.34
84,Qaanaaq,96,GL,1566686914,89,77.48,-69.36,34.72,14.18
85,Xining,84,CN,1566686914,79,36.62,101.77,52.54,1.99
86,Cayenne,0,GF,1566686914,78,4.94,-52.33,82.4,3.36
87,Pacific Grove,1,US,1566686915,57,36.62,-121.92,87.01,18.34
88,Hovd,75,NO,1566686915,68,63.83,10.7,64.4,8.05
89,Ixtapa,75,MX,1566686915,63,20.71,-105.21,93.2,4.7
90,Biskamzha,88,RU,1566686916,99,53.45,89.53,44.62,3.65
91,Tilichiki,75,RU,1566686916,78,60.47,166.1,58.3,5.75
92,Ahipara,67,NZ,1566686916,100,-35.17,173.16,57.99,20.56
93,Santa Rosa,27,AR,1566686917,61,-36.62,-64.29,58.3,11.07
94,Talisay,75,PH,1566686917,88,10.25,123.85,77.0,2.24
95,Constitucion,75,MX,1566686917,31,23.99,-104.67,78.8,5.84
96,Muroran,20,JP,1566686917,82,42.32,140.98,64.4,2.24
97,Zhigansk,64,RU,1566686918,64,66.77,123.37,58.12,4.74
98,Challans,0,FR,1566686918,82,46.85,-1.88,68.0,2.24
99,Sorland,75,NO,1566686918,87,67.67,12.69,53.6,11.41
100,Ancud,75,CL,1566686919,76,-41.87,-73.83,50.0,9.17
101,Otjimbingwe,0,NA,1566686919,26,-22.35,16.13,56.14,5.57
102,Bassar,92,TG,1566686919,95,9.26,0.78,71.44,3.83
103,Victoria,75,BN,1566686920,88,5.28,115.24,80.6,2.24
104,Vaini,82,IN,1566686920,92,15.34,74.49,74.68,1.54
105,Bredasdorp,0,ZA,1566686920,87,-34.53,20.04,53.6,2.24
106,Pringsewu,71,ID,1566686920,94,-5.36,104.98,70.18,0.2
107,Pelym,90,RU,1566686921,96,61.01,62.0,46.78,2.71
108,Arraial do Cabo,75,BR,1566686921,82,-22.97,-42.02,68.0,10.29
109,Yeniseysk,14,RU,1566686921,91,58.45,92.17,52.72,2.46
110,Banda Aceh,100,ID,1566686922,81,5.56,95.32,79.0,22.86
111,Georgetown,20,GY,1566686922,74,6.8,-58.16,84.2,9.17
112,Butaritari,100,KI,1566686922,71,3.07,172.79,84.4,6.53
113,Tome,75,JP,1566686922,78,38.69,141.2,71.6,2.24
114,Kjollefjord,78,NO,1566686923,62,70.95,27.35,44.08,5.86
115,Inuvik,90,CA,1566686923,57,68.36,-133.71,48.2,13.87
116,Golden,40,US,1566686674,23,39.76,-105.22,88.0,4.7
117,Saldanha,95,PT,1566686924,40,41.42,-6.55,70.36,2.55
118,Allapalli,100,IN,1566686924,96,19.43,80.06,73.6,2.73
119,Tuktoyaktuk,90,CA,1566686925,75,69.44,-133.03,44.6,23.04
120,Saint-Francois,0,FR,1566686925,77,46.42,3.91,64.4,2.93
121,Ponta Delgada,75,PT,1566686925,94,37.73,-25.67,71.01,18.34
122,Znamenskoye,13,RU,1566686926,98,57.13,73.82,48.4,5.7
123,Saurimo,14,AO,1566686926,28,-9.66,20.4,62.44,4.52
124,Kutum,13,SD,1566686927,65,14.2,24.66,73.78,2.01
125,Invermere,66,CA,1566686927,37,50.51,-116.03,73.99,3.0
126,Marawi,100,PH,1566686927,88,8.0,124.29,75.99,5.01
127,Salalah,75,OM,1566686927,94,17.01,54.1,78.8,6.93
128,Jamestown,32,AU,1566686928,65,-33.21,138.6,46.96,7.87
129,Dikson,100,RU,1566686928,97,73.51,80.55,40.66,13.0
130,Dengzhou,63,CN,1566686928,71,32.69,112.08,79.18,7.74
131,Baley,0,RU,1566686929,73,51.58,116.65,62.08,2.53
132,Bambous Virieux,75,MU,1566686929,94,-20.34,57.76,68.0,10.29
133,Haines Junction,100,CA,1566686929,90,60.75,-137.51,41.56,3.18
134,Souillac,0,FR,1566686930,64,45.6,-0.6,75.2,4.7
135,Chokurdakh,100,RU,1566686930,88,70.62,147.9,55.96,10.94
136,Guerrero Negro,40,MX,1566686930,74,27.97,-114.04,76.66,8.28
137,Civita Castellana,0,IT,1566686931,60,42.3,12.41,75.99,4.7
138,Mahina,100,ML,1566686931,97,13.76,-10.85,73.06,9.37
139,Fort Nelson,75,CA,1566686931,43,58.81,-122.69,69.8,5.82
140,Talnakh,75,RU,1566686727,93,69.49,88.39,53.6,6.71
141,Nouadhibou,28,MR,1566686932,88,20.93,-17.03,69.1,9.24
142,Polunochnoye,80,RU,1566686932,95,60.87,60.43,44.8,1.77
143,Mandalgovi,34,MN,1566686932,59,45.76,106.27,59.56,18.1
144,Margate,40,AU,1566686691,92,-43.03,147.26,48.99,3.36
145,Tautira,40,PF,1566686933,58,-17.73,-149.15,84.2,12.75
146,Balkanabat,0,TM,1566686933,13,39.51,54.36,80.08,3.71
147,Koutiala,99,ML,1566686934,94,12.39,-5.46,69.1,7.96
148,Bad Gandersheim,0,DE,1566686934,64,51.87,10.03,71.01,5.82
149,Los Llanos de Aridane,0,ES,1566686934,83,28.66,-17.92,75.2,16.11
150,Cidreira,0,BR,1566686935,74,-30.17,-50.22,57.04,10.63
151,Tete,89,MZ,1566686935,77,-16.16,33.59,68.02,7.49
152,Beringovskiy,49,RU,1566686935,62,63.05,179.32,61.54,7.4
153,Vila Velha,20,BR,1566686936,74,-3.71,-38.6,80.6,11.41
154,Tabou,100,CI,1566686936,89,4.42,-7.36,74.14,6.33
155,Hazorasp,0,UZ,1566686936,48,41.32,61.08,64.4,4.7
156,Mahajanga,0,MG,1566686937,68,-15.72,46.32,69.8,3.36
157,Codrington,0,AU,1566686937,93,-28.95,153.24,62.01,8.05
158,Chuy,97,UY,1566686937,80,-33.69,-53.46,52.72,10.4
159,Ribeira Grande,53,PT,1566686938,79,38.52,-28.7,69.1,17.25
160,Geraldton,75,CA,1566686938,49,49.72,-86.95,68.0,10.29
161,Fallon,1,US,1566686938,42,46.84,-105.12,84.2,5.82
162,Ponta do Sol,0,BR,1566686939,56,-20.63,-46.0,61.72,5.08
163,Xichang,1,CN,1566686939,92,27.88,102.25,57.4,2.39
164,Saint-Philippe,1,CA,1566686939,60,45.36,-73.48,73.99,3.36
165,Saskylakh,54,RU,1566686939,75,71.97,114.09,52.9,7.78
166,Lasa,20,CY,1566686940,88,34.92,32.53,80.6,5.82
167,Rawson,25,AR,1566686940,43,-43.3,-65.11,57.58,22.82
168,Eyl,0,SO,1566686940,68,7.98,49.82,75.94,27.07
169,Itaituba,89,BR,1566686941,69,-4.26,-55.99,76.66,2.26
170,Alamosa,1,US,1566686941,19,37.47,-105.87,82.4,10.29
171,Constantine,20,DZ,1566686941,82,36.36,6.61,68.0,2.24
172,Cape Town,20,ZA,1566686876,87,-33.93,18.42,61.0,13.87
173,Maniitsoq,0,GL,1566686942,77,65.42,-52.9,43.18,8.55
174,Blackfoot,1,US,1566686942,13,43.19,-112.35,89.6,20.8
175,Akdepe,0,TM,1566686943,48,42.05,59.39,66.2,6.93
176,San Quintin,100,PH,1566686943,86,17.54,120.52,77.38,3.44
177,Karema,54,TZ,1566686943,70,-6.82,30.44,75.94,4.16
178,Bilibino,82,RU,1566686944,44,68.06,166.44,62.44,6.62
179,Northam,4,AU,1566686706,76,-31.65,116.67,48.2,5.82
180,Itarema,0,BR,1566686944,76,-2.92,-39.92,76.12,10.94
181,Turka,100,RU,1566686944,91,52.95,108.22,48.94,21.92
182,Gorontalo,88,ID,1566686838,71,0.54,123.06,80.26,6.98
183,Sao Filipe,31,CV,1566686945,86,14.9,-24.5,78.46,10.18
184,Warri,100,NG,1566686745,90,5.52,5.75,74.86,1.88
185,Bay Roberts,75,CA,1566686945,76,47.58,-53.28,53.01,16.11
186,Longyearbyen,75,NO,1566686946,80,78.22,15.63,39.2,6.93
187,Kitimat,75,CA,1566686946,82,54.02,-128.69,59.0,21.92
188,Anchorage,40,US,1566686668,39,61.22,-149.89,68.0,6.93
189,Mahebourg,75,MU,1566686946,94,-20.41,57.7,68.0,10.29
190,Vila Franca do Campo,75,PT,1566686947,94,37.72,-25.43,71.01,18.34
191,Lebu,75,ET,1566686947,87,8.96,38.73,57.2,2.24
192,Khani,75,GE,1566686947,100,41.96,42.96,73.4,2.24
193,Tanout,100,NE,1566686948,72,14.97,8.88,77.74,4.12
194,Ostersund,100,SE,1566686948,72,63.18,14.64,59.0,9.17
195,Songjianghe,42,CN,1566686948,87,42.18,127.48,63.34,1.79
196,Inowroclaw,0,PL,1566686782,67,52.8,18.26,64.0,3.36
197,San Cristobal,16,HN,1566686949,59,14.68,-86.92,76.12,7.07
198,Petropavlovsk-Kamchatskiy,75,RU,1566686949,93,53.05,158.65,50.0,6.71
199,Kaeo,96,NZ,1566686950,100,-35.1,173.78,60.01,12.3
200,Argentan,0,FR,1566686950,68,48.74,-0.02,66.2,5.82
201,Ust-Omchug,34,RU,1566686950,66,61.13,149.63,54.52,5.53
202,Rubtsovsk,44,RU,1566686950,58,51.53,81.22,60.28,7.67
203,Oros,26,HU,1566686951,78,47.95,21.8,73.4,10.29
204,Wisconsin Rapids,75,US,1566686951,56,44.39,-89.82,75.0,9.17
205,Zwedru,100,LR,1566686951,98,6.07,-8.13,70.54,3.53
206,Camacha,40,PT,1566686952,83,33.08,-16.33,73.4,9.17
207,Pangnirtung,100,CA,1566686952,71,66.15,-65.72,43.9,5.3
208,Upernavik,100,GL,1566686952,67,72.79,-56.15,43.72,12.33
209,Owerri,75,NG,1566686952,100,5.49,7.03,73.4,1.52
210,Coihaique,40,CL,1566686694,86,-45.58,-72.07,41.0,8.05
211,Monze,0,ZM,1566686953,47,-16.28,27.48,52.9,3.76
212,Araouane,81,ML,1566686953,40,18.9,-3.53,92.5,15.57
213,Ekhabi,100,RU,1566686954,86,53.51,142.97,53.44,2.62
214,Kurumkan,100,RU,1566686954,90,54.33,110.32,52.36,2.19
215,Huarmey,12,PE,1566686954,91,-10.07,-78.15,59.2,12.82
216,Tam Ky,20,VN,1566686954,100,15.57,108.48,77.0,4.7
217,Shamary,80,RU,1566686955,95,57.34,58.22,49.66,5.39
218,Kachiry,83,KZ,1566686955,81,53.07,76.1,56.86,5.84
219,Henties Bay,0,NA,1566686956,61,-22.12,14.28,63.34,2.95
220,Port Hardy,75,CA,1566686956,82,50.7,-127.42,60.8,5.82
221,Whitehorse,90,CA,1566686956,76,60.72,-135.06,50.0,8.05
222,Tibati,95,CM,1566686957,95,6.47,12.63,64.96,1.39
223,Kieta,43,PG,1566686957,67,-6.22,155.63,82.06,2.35
224,Nara,20,JP,1566686957,78,34.68,135.8,79.0,12.75
225,San Rafael,0,AR,1566686779,40,-34.61,-68.33,60.82,7.31
226,Port Elizabeth,90,US,1566686958,50,39.31,-74.98,75.2,3.2
227,Ronneby,23,SE,1566686958,100,56.21,15.28,55.99,2.24
228,Ngunguru,73,NZ,1566686959,76,-35.62,174.5,60.01,8.99
229,Champerico,75,MX,1566686959,58,16.38,-93.6,87.8,14.99
230,Galesburg,1,US,1566686728,47,40.95,-90.37,75.2,5.82
231,Muros,0,ES,1566686959,93,42.77,-9.06,64.0,3.36
232,Caravelas,63,BR,1566686960,80,-17.73,-39.27,71.44,8.57
233,Lidkoping,16,SE,1566686960,100,58.51,13.16,55.0,5.82
234,Navalcarnero,0,ES,1566686960,36,40.29,-4.01,84.0,2.24
235,Moramanga,68,MG,1566686961,97,-18.95,48.23,49.3,3.69
236,Tougan,100,BF,1566686961,90,13.07,-3.07,73.06,8.37
237,Warmbad,0,DE,1566686962,68,50.67,13.08,71.6,3.36
238,Pisco,0,PE,1566686962,30,-13.71,-76.2,71.6,10.29
239,Afua,100,NG,1566686962,95,5.27,7.87,72.16,2.01
240,Ilulissat,5,GL,1566686963,39,69.22,-51.1,46.4,13.87
241,Rio Piracicaba,23,BR,1566686963,90,-19.93,-43.17,57.76,3.51
242,Iguai,96,BR,1566686963,96,-14.76,-40.09,61.0,2.37
243,Nanortalik,100,GL,1566686964,78,60.14,-45.24,42.82,2.64
244,Bauchi,100,NG,1566686964,92,10.31,9.85,69.28,1.39
245,Rocha,100,UY,1566686964,88,-34.48,-54.34,47.32,7.81
246,Kaitangata,71,NZ,1566686964,58,-46.28,169.85,54.0,8.99
247,Avera,75,US,1566686965,74,33.19,-82.53,87.8,5.82
248,Srednekolymsk,100,RU,1566686965,53,67.46,153.71,69.1,2.89
249,Flinders,0,AU,1566686966,43,-34.58,150.85,62.01,1.12
250,Lokosovo,100,RU,1566686966,85,61.13,74.84,48.4,21.65
251,Biak,100,ID,1566686966,94,-0.91,122.88,64.6,5.41
252,Verkhnevilyuysk,5,RU,1566686967,84,63.45,120.31,57.4,4.0
253,Beloha,40,MG,1566686967,87,-25.17,45.06,62.98,12.35
254,Qaqortoq,88,GL,1566686967,29,60.72,-46.03,51.8,18.34
255,Tuntum,0,BR,1566686968,37,-5.26,-44.64,76.48,2.06
256,Lagoa,0,PT,1566686968,73,37.14,-8.45,72.0,5.82
257,Guiratinga,63,BR,1566686968,31,-16.35,-53.76,77.56,2.53
258,Klaksvik,84,FO,1566686969,93,62.23,-6.59,51.8,13.87
259,Kavieng,70,PG,1566686969,76,-2.57,150.8,82.96,12.17
260,Nosy Varika,55,MG,1566686969,87,-20.58,48.53,66.04,3.58
261,Tura,66,RU,1566686969,64,64.27,100.22,57.94,4.41
262,Sioux Lookout,40,CA,1566686970,50,50.1,-91.92,77.0,10.29
263,Tiksi,78,RU,1566686970,89,71.64,128.87,47.86,5.73
264,Marsa Matruh,0,EG,1566686970,76,31.35,27.25,80.62,7.14
265,Rio Grande,0,BR,1566686796,82,-32.03,-52.1,57.2,9.17
266,Cockburn Town,69,TC,1566686971,81,21.46,-71.14,83.32,21.32
267,Ketchikan,90,US,1566686972,87,55.34,-131.65,64.4,11.41
268,Sudzha,29,RU,1566686972,72,51.19,35.27,57.22,5.95
269,Kotido,71,UG,1566686973,72,3.01,34.12,67.84,7.52
270,Bhattiprolu,97,IN,1566686973,81,16.1,80.78,78.82,8.99
271,Nicoya,40,CR,1566686973,52,10.15,-85.45,93.2,10.29
272,Luena,89,AO,1566686974,38,-11.78,19.91,51.46,2.75
273,Yelnya,0,RU,1566686974,95,54.58,33.19,55.24,4.72
274,Cravo Norte,97,CO,1566686974,86,6.3,-70.2,77.56,3.78
275,Kefamenanu,17,ID,1566686975,38,-9.45,124.48,77.74,2.53
276,Ambulu,0,ID,1566686975,86,-8.35,113.61,71.26,5.26
277,New Norfolk,40,AU,1566686975,92,-42.78,147.06,48.0,3.36
278,Ostrovnoy,100,RU,1566686976,97,68.05,39.51,41.02,5.82
279,Mount Pleasant,1,US,1566686736,44,33.16,-94.97,95.0,6.17
280,Anloga,20,GH,1566686976,88,5.79,0.9,77.0,12.75
281,Victor Harbor,20,AU,1566686698,81,-35.55,138.62,52.0,8.39
282,Hami,100,CN,1566686978,30,42.84,93.51,73.96,20.11
283,Tsiroanomandidy,0,MG,1566686978,74,-18.77,46.05,60.64,3.6
284,Sundumbili,0,ZA,1566686978,42,-29.13,31.4,62.6,2.24
285,Nabire,97,ID,1566686978,72,-3.36,135.5,77.2,3.78
286,Borovskoy,83,KZ,1566686979,86,53.8,64.15,54.52,1.41
287,Wasilla,1,US,1566686948,45,61.58,-149.44,68.0,4.7
288,Sumbe,9,AO,1566686979,91,-11.2,13.84,68.74,8.99
289,Labuhan,100,ID,1566686980,75,-2.54,115.51,79.54,0.94
290,Saint-Pierre,0,FR,1566686980,64,48.95,4.24,68.0,4.7
291,Bumba,45,CD,1566686980,98,2.18,22.47,69.64,2.1
292,San Patricio,0,PY,1566686981,69,-26.98,-56.83,60.1,6.31
293,Batemans Bay,43,AU,1566686981,70,-35.71,150.18,55.0,3.0
294,Tasiilaq,98,GL,1566686981,81,65.61,-37.64,44.6,6.93
295,Marsh Harbour,100,BS,1566686883,79,26.54,-77.06,84.76,13.56
296,Kudahuvadhoo,100,MV,1566686982,70,2.67,72.89,82.6,8.21
297,Maceio,0,BR,1566686855,83,-9.67,-35.74,75.2,5.82
298,Nouakchott,75,MR,1566686700,78,18.08,-15.98,82.4,9.17
299,Portland,75,US,1566686830,56,43.66,-70.25,69.8,10.29
300,Tazovskiy,100,RU,1566686983,98,67.47,78.7,47.68,11.9
301,Faanui,42,PF,1566686983,66,-16.48,-151.75,77.92,7.47
302,Udachnyy,0,RU,1566686983,66,66.42,112.4,51.8,4.47
303,Ottumwa,1,US,1566686984,56,41.02,-92.41,75.2,5.82
304,Fairbanks,1,US,1566686984,71,64.84,-147.72,59.0,4.7
305,Waingapu,15,ID,1566686984,63,-9.65,120.26,75.22,7.34
306,Trebic,0,CZ,1566686985,73,49.21,15.88,72.0,5.82
307,Kourou,0,GF,1566686985,78,5.16,-52.64,82.4,3.36
308,Iralaya,20,HN,1566686986,66,15.0,-83.23,87.8,9.17
309,Magomeni,12,TZ,1566686986,97,-6.8,39.25,66.58,3.96
310,Laguna,40,BZ,1566686986,70,16.17,-88.94,89.6,6.93
311,Uinskoye,84,RU,1566686987,89,56.88,56.58,51.64,7.49
312,Sept-Iles,20,CA,1566686987,55,50.2,-66.38,61.0,10.29
313,Sumenep,27,ID,1566686987,73,-7.02,113.87,76.12,2.1
314,Kruisfontein,0,ZA,1566686987,52,-34.0,24.73,55.24,6.13
315,Mikhaylovka,14,RU,1566686988,86,52.96,103.29,53.26,2.82
316,Axim,100,GH,1566686988,91,4.87,-2.24,75.04,9.75
317,Olinda,40,AU,1566686988,87,-37.84,145.39,48.99,8.05
318,Narsaq,88,GL,1566686988,29,60.91,-46.05,51.8,18.34
319,Erenhot,28,CN,1566686989,50,43.65,111.97,71.26,15.3
320,Tapiobicske,0,HU,1566686989,69,47.36,19.69,78.01,9.17
321,Almaznyy,20,RU,1566686989,50,48.03,40.04,78.8,15.66
322,Ajdabiya,0,LY,1566686990,74,30.75,20.22,79.54,19.24
323,La Libertad,0,PE,1566686990,16,-16.38,-71.56,66.2,11.41
324,Barraute,20,CA,1566686990,46,48.43,-77.63,71.6,4.7
325,Mbuji-Mayi,14,CD,1566686990,27,-6.13,23.6,78.28,3.0
326,Mauganj,100,IN,1566686991,92,24.67,81.88,76.66,11.32
327,Atar,18,MR,1566686991,40,20.52,-13.05,87.28,18.92
328,Alghero,0,IT,1566686991,88,40.56,8.32,73.4,4.7
329,Nalut,0,LY,1566686992,65,31.86,10.98,72.16,10.54
330,Banjar,41,ID,1566686992,89,-7.37,108.54,69.82,1.63
331,Cardston,1,CA,1566686992,35,49.2,-113.32,80.6,19.46
332,Hervey Bay,0,AU,1566686993,82,-25.3,152.85,73.0,5.82
333,Santiago,100,PH,1566686993,82,16.69,121.54,77.2,0.83
334,Mazyr,0,BY,1566686993,78,52.05,29.27,56.68,2.42
335,Nuuk,20,GL,1566686994,81,64.17,-51.74,48.2,9.17
336,Vao,1,EE,1566686994,93,59.1,26.19,53.62,3.74
337,Shumskiy,100,RU,1566686994,93,54.83,99.13,52.18,2.28
338,Kaputa,51,ZM,1566686995,48,-8.47,29.66,63.88,1.68
339,Mati,40,PH,1566686995,94,6.96,126.21,77.0,2.95
340,Moose Factory,1,CA,1566686995,46,51.26,-80.61,73.4,8.05
341,Hambantota,90,LK,1566686996,100,6.12,81.12,77.0,5.82
342,Kassala,72,SD,1566686996,75,15.45,36.38,80.08,13.0
343,Komsomolskiy,19,RU,1566686996,97,67.55,63.78,33.82,6.93
344,Yulara,0,AU,1566686997,65,-25.24,130.99,46.4,4.7
345,Sao Gabriel da Cachoeira,80,BR,1566686997,93,-0.13,-67.09,74.86,2.95
346,Houston,20,US,1566686730,55,29.76,-95.37,95.0,4.7
347,Batagay-Alyta,77,RU,1566686997,63,67.8,130.41,51.28,2.77
348,Bathsheba,40,BB,1566686998,70,13.22,-59.52,84.2,17.22
349,Bethel,75,US,1566686998,58,60.79,-161.76,59.0,6.93
350,Ovre Ardal,100,NO,1566686998,94,61.32,7.8,48.94,3.44
351,Jalu,0,LY,1566686999,61,29.03,21.55,78.1,12.41
352,Newcastle,0,AU,1566686999,47,-32.93,151.78,66.0,10.29
353,Necochea,56,AR,1566686999,69,-38.55,-58.74,53.01,8.01
354,Rafai,100,CF,1566686999,98,4.95,23.92,69.28,3.33
355,Chapais,1,CA,1566687000,37,49.78,-74.86,71.6,4.7
356,Sungaipenuh,100,ID,1566687000,96,-2.08,101.38,72.16,1.01
357,Alta Floresta,100,BR,1566687001,41,-9.87,-56.08,82.6,0.78
358,Hollister,1,US,1566686727,57,36.85,-121.4,97.0,18.34
359,Puerto del Rosario,75,ES,1566687001,83,28.5,-13.86,75.2,14.99
360,El Real de Santa Maria,96,PA,1566687001,93,8.11,-77.73,76.3,1.05
361,Westport,40,US,1566687002,53,41.14,-73.36,73.99,8.05
362,Ljutomer,96,SI,1566687002,93,46.52,16.2,66.0,2.24
363,Naze,75,NG,1566687002,100,5.43,7.07,73.4,1.52
364,Esperance,87,AU,1566687003,81,-33.86,121.89,42.8,6.93
365,Tual,100,ID,1566687003,82,-5.67,132.75,75.94,15.3
366,Najran,40,SA,1566687003,20,17.54,44.22,87.8,4.7
367,Puri,28,ID,1566687004,65,-7.54,112.45,75.94,12.33
368,Kalisz,100,PL,1566687004,68,51.76,18.08,64.0,8.79
369,Bojnurd,0,IR,1566687004,28,37.47,57.33,59.0,2.24
370,Hutchinson,75,US,1566687003,65,38.06,-97.93,84.99,12.75
371,Pushkino,0,RU,1566687005,93,56.01,37.85,63.0,6.71
372,Kenai,1,US,1566687005,30,60.55,-151.26,69.01,5.82
373,Trat,100,TH,1566687006,74,12.25,102.51,82.99,1.52
374,Valparaiso,1,US,1566686961,53,41.47,-87.06,73.99,8.05
375,Portales,1,US,1566687006,29,34.19,-103.33,91.99,10.29
376,Bolobo,100,CD,1566687006,87,-2.17,16.23,72.88,11.34
377,Samarinda,100,ID,1566687007,93,-0.5,117.14,77.02,6.2
378,Charlestown,90,US,1566687007,68,41.38,-71.64,72.0,5.82
379,Byron Bay,0,AU,1566687007,82,-28.65,153.62,68.0,0.89
380,Hoi An,20,VN,1566687008,100,15.88,108.33,77.0,4.7
381,Morro Bay,1,US,1566686918,77,35.37,-120.85,96.01,6.93
382,Pastavy,0,BY,1566687008,85,55.11,26.84,54.52,3.67
383,Port Blair,100,IN,1566687009,80,11.67,92.75,81.88,25.64
384,Huinan,70,CN,1566687009,90,42.68,126.04,63.88,2.84
385,Pangody,100,RU,1566687009,91,65.85,74.49,47.68,25.59
386,Timbuktu,56,ML,1566687009,47,16.77,-3.01,89.44,9.55
387,Lorengau,55,PG,1566687010,77,-2.02,147.27,82.78,11.95
388,Hualmay,44,PE,1566686794,90,-11.1,-77.61,58.48,11.86
389,Kalaleh,0,IR,1566687010,78,37.38,55.49,73.4,2.24
390,Khash,0,IR,1566687011,21,28.22,61.21,62.08,7.99
391,Morant Bay,20,JM,1566687011,66,17.88,-76.41,87.8,16.11
392,The Valley,20,AI,1566686715,78,18.22,-63.06,86.0,13.87
393,Nishihara,40,JP,1566687011,78,35.74,139.53,79.0,5.82
394,Lypova Dolyna,0,UA,1566687012,74,50.56,33.8,57.94,7.11
395,Troitsko-Pechorsk,100,RU,1566687012,96,62.71,56.19,45.16,3.2
396,Owen Sound,20,CA,1566687013,56,44.57,-80.95,70.0,6.93
397,Hasaki,75,JP,1566686873,88,35.73,140.83,73.0,9.17
398,Newport,65,GB,1566686795,52,51.59,-3.0,70.0,10.29
399,College,1,US,1566687013,71,64.86,-147.8,60.8,4.7
400,Angahuan,75,MX,1566687014,69,19.55,-102.23,75.2,6.93
401,Ha Tinh,82,VN,1566687014,89,18.33,105.9,76.84,0.69
402,Gonaives,40,HT,1566687014,70,19.45,-72.68,86.0,9.17
403,Ziro,38,IN,1566687015,88,27.54,93.82,59.92,3.67
404,Uyovu,76,TZ,1566687015,52,-3.28,31.53,70.0,6.02
405,Acari,74,BR,1566687015,66,-6.44,-36.64,76.12,25.43
406,Egvekinot,51,RU,1566687015,53,66.32,-179.17,58.66,4.72
407,Quang Ngai,100,VN,1566687016,89,15.12,108.8,74.5,1.36
408,Ladario,67,PT,1566687016,76,40.7,-7.74,71.01,1.01
409,Porto Novo,75,BR,1566687016,72,-23.68,-45.44,60.8,5.82
410,Englehart,1,CA,1566687017,46,47.82,-79.87,71.6,3.36
411,Mount Gambier,40,AU,1566687017,93,-37.83,140.78,39.2,6.93
412,Luganville,75,VU,1566687017,65,-15.51,167.18,77.0,14.99
413,Grindavik,75,IS,1566687018,93,63.84,-22.43,51.8,6.93
414,Lavrentiya,88,RU,1566687018,52,65.58,-170.99,57.94,6.04
415,Coahuayana,15,MX,1566687018,78,18.62,-100.35,82.78,1.83
416,Sinnamary,11,GF,1566687018,72,5.38,-52.96,82.6,8.43
417,Chhatak,100,BD,1566687019,92,25.03,91.67,78.28,6.06
418,Tarbes,90,FR,1566686955,94,43.23,0.08,69.8,4.7
419,Solok,100,ID,1566687019,96,-0.79,100.66,67.12,1.34
420,Nelson Bay,0,AU,1566687019,47,-32.72,152.14,66.0,10.29
421,Raton,1,US,1566687020,15,36.9,-104.44,91.4,10.29
422,Sibolga,100,ID,1566687020,72,1.74,98.78,80.08,8.05
423,Fort Myers Beach,75,US,1566686772,74,26.45,-81.95,93.2,12.75
424,Tuy Hoa,95,VN,1566687021,72,13.08,109.3,79.18,7.94
425,Palmerston,75,AU,1566687021,88,-12.49,130.99,73.0,3.36
426,Campeche,20,MX,1566687021,53,19.84,-90.54,95.0,20.6
427,Madisonville,1,US,1566686774,51,37.33,-87.5,80.6,6.93
428,Birao,100,CF,1566687022,93,10.3,22.78,71.62,5.86
429,Babati,92,TZ,1566687022,91,-4.21,35.75,51.28,11.32
430,Shakawe,0,BW,1566687022,21,-18.36,21.84,52.9,6.11
431,Vostok,42,RU,1566687023,85,46.45,135.83,58.66,2.86
432,Videbaek,0,DK,1566687023,87,56.09,8.63,62.01,5.82
433,Sechura,26,PE,1566686943,85,-5.56,-80.82,62.98,11.65
434,Havre-Saint-Pierre,20,CA,1566687023,67,50.23,-63.6,57.2,12.75
435,Pitimbu,75,BR,1566687024,94,-7.47,-34.81,73.4,8.05
436,Kuito,56,AO,1566687024,36,-12.38,16.94,54.16,5.39
437,Pochutla,20,MX,1566687024,74,15.74,-96.47,88.0,8.05
438,Corumba,35,BR,1566687025,66,-19.0,-57.65,86.0,4.7
439,Lulea,82,SE,1566687025,87,65.58,22.15,57.2,4.7
440,Suwannaphum,75,TH,1566687025,100,15.61,103.81,75.2,5.82
441,Pindwara,96,IN,1566687025,89,24.79,73.05,75.76,5.79
442,Bambanglipuro,69,ID,1566687026,85,-7.95,110.28,73.6,3.76
443,Rancho Palos Verdes,20,US,1566686940,65,33.75,-118.37,93.99,18.34
444,Pevek,0,RU,1566687026,77,69.7,170.27,43.36,3.22
445,Dudinka,75,RU,1566687027,93,69.41,86.18,53.6,6.71
446,Ayan,0,IR,1566687027,43,38.23,44.7,54.16,2.75
447,Bosaso,0,SO,1566687027,61,11.28,49.18,88.9,14.74
448,Puerto Ayacucho,75,CO,1566687028,88,5.66,-67.63,75.2,1.3
449,Ouegoa,39,NC,1566687028,63,-20.34,164.44,68.74,8.23
450,Flin Flon,90,CA,1566687028,88,54.77,-101.88,66.2,6.93
451,Takoradi,100,GH,1566687029,89,4.89,-1.75,74.5,5.95
452,Churapcha,2,RU,1566687029,61,62.0,132.43,64.42,3.22
453,Ninghai,0,CN,1566687029,88,29.29,121.42,84.0,4.47
454,Itoman,20,JP,1566687029,79,26.12,127.67,86.0,9.17
455,Baghdad,8,IQ,1566687030,33,33.3,44.38,89.6,4.7
456,Albion,90,US,1566687030,94,41.69,-98.0,68.0,11.41
457,Santiago del Estero,1,AR,1566686924,41,-27.8,-64.26,66.76,6.08
458,Rundu,0,NA,1566687031,21,-17.91,19.77,60.8,4.7
459,Calvia,0,ES,1566687031,73,39.57,2.51,77.0,4.7
460,Arlit,100,NE,1566687031,63,18.74,7.39,79.9,17.49
461,Lompoc,1,US,1566687032,64,34.64,-120.46,82.0,14.99
462,Usinsk,100,RU,1566687032,85,66.0,57.56,44.26,8.3
463,Clyde River,99,CA,1566687032,55,70.47,-68.59,48.76,0.56
464,Hollola,61,FI,1566687033,99,60.99,25.5,48.0,2.66
465,Norwich,87,GB,1566687033,93,52.63,1.29,66.2,1.12
466,Erzincan,0,TR,1566686746,82,39.75,39.49,61.0,1.9
467,Lingao,100,CN,1566687033,83,19.91,109.69,83.86,13.42
468,Bapatla,100,IN,1566687034,79,15.9,80.47,78.82,10.58
469,Vanimo,100,PG,1566687034,75,-2.67,141.3,81.16,2.37
470,Kathmandu,100,NP,1566687034,85,27.71,85.32,67.48,0.69
471,Rio Gallegos,0,AR,1566687035,86,-51.62,-69.22,41.0,5.82
472,Santa Quiteria,0,ES,1566687035,90,37.67,-1.69,77.0,1.45
473,Estelle,0,FR,1566687035,73,43.97,3.47,71.6,3.36
474,Namatanai,64,PG,1566687035,77,-3.66,152.44,80.98,9.91
475,San Pedro,100,AR,1566687036,74,-33.68,-59.66,57.99,1.99
476,Jashpurnagar,100,IN,1566687036,96,22.88,84.14,70.9,1.45
477,Nandu,75,CN,1566687036,88,31.44,119.33,88.0,6.71
478,Mosetse,0,BW,1566687037,51,-20.64,26.64,56.68,11.81
479,Ambilobe,0,MG,1566687037,77,-13.19,49.05,67.48,6.02
480,Bulawayo,0,ZW,1566687037,74,-20.16,28.59,51.82,7.99
481,Abu Dhabi,0,AE,1566686939,36,24.47,54.37,95.0,10.4
482,Hamilton,20,CA,1566686987,56,43.26,-79.87,72.0,13.87
483,Saravan,40,AM,1566687038,36,39.72,45.65,78.8,4.7
484,Wajir,33,KE,1566687038,75,1.75,40.07,72.7,16.24
485,Claresholm,1,CA,1566687039,35,50.02,-113.58,79.0,19.46
486,Ust-Maya,100,RU,1566687039,87,60.42,134.54,60.46,3.27
487,Isangel,90,VU,1566687039,60,-19.55,169.27,71.6,4.7
488,Buchanan,75,LR,1566687040,94,5.88,-10.05,77.0,12.75
489,Olavarria,54,AR,1566686789,90,-36.89,-60.32,49.84,9.62
490,Ivnya,0,RU,1566687040,63,51.06,36.14,60.8,6.71
491,Glasgow,99,GB,1566687040,77,55.86,-4.24,63.0,4.7
492,Coquimbo,75,CL,1566687041,87,-29.95,-71.34,53.6,6.93
493,Dakar,40,SN,1566686895,94,14.69,-17.45,80.6,6.93
494,Katsuura,20,JP,1566687041,83,33.93,134.5,75.99,8.05
495,Iraan,1,US,1566687041,61,30.91,-101.9,91.99,12.75
496,Peterhead,20,AU,1566687042,81,-34.83,138.5,54.0,8.43
497,Port Hueneme,20,US,1566687042,69,34.15,-119.2,95.0,12.75
498,Posse,4,BR,1566687043,36,-14.08,-46.36,75.58,4.16
499,Crailsheim,40,DE,1566687043,82,49.14,10.07,69.01,1.12
500,Meulaboh,100,ID,1566687043,87,4.14,96.13,75.94,9.26
501,Acapulco,20,MX,1566687043,74,16.86,-99.88,87.8,6.93
502,Namtsy,0,RU,1566687044,93,62.72,129.66,50.0,2.24
503,Huilong,61,CN,1566687044,61,31.15,106.5,83.14,2.64
504,Japura,100,ID,1566687044,77,-0.42,102.29,74.68,1.45
505,North Bend,1,US,1566687045,68,43.41,-124.22,73.0,18.34
506,Kailua,90,US,1566687045,62,21.39,-157.74,88.0,13.87
507,Lata,95,IN,1566687045,95,30.78,78.62,40.48,0.38
508,Namibe,63,AO,1566687046,84,-15.19,12.15,67.66,4.7
509,Sao Joao da Barra,0,BR,1566687046,88,-21.64,-41.05,68.0,3.89
510,Goma,5,CD,1566687046,78,-1.67,29.23,55.24,0.85
511,Pauini,89,BR,1566687047,56,-7.71,-67.0,81.52,4.03
512,Klecany,0,CZ,1566687047,82,50.18,14.41,72.0,5.82
513,Baruun-Urt,81,MN,1566687047,82,46.68,113.28,57.76,12.8
514,Luderitz,0,NA,1566687047,17,-26.65,15.16,73.4,6.93
515,Lincoln,6,GB,1566686888,88,53.23,-0.54,66.2,5.82
516,Latung,22,ID,1566687048,67,-8.45,120.42,77.02,3.47
517,La Ronge,75,CA,1566687048,77,55.1,-105.3,66.2,8.05
518,Saint-Joseph,0,FR,1566687049,78,43.56,6.97,77.0,3.36
519,Shimonoseki,75,JP,1566687049,88,33.97,130.94,71.6,13.87
520,Kavaratti,100,IN,1566687049,78,10.57,72.64,81.52,20.27
521,Mandurah,100,AU,1566687050,87,-32.55,115.7,50.0,10.29
522,Strezhevoy,90,RU,1566687050,93,60.73,77.6,51.8,15.66
523,San Vicente,0,EC,1566687050,73,-0.59,-80.41,75.2,13.87
524,Comodoro Rivadavia,90,AR,1566687051,76,-45.87,-67.48,53.6,12.75
525,Manggar,92,ID,1566687051,79,-2.88,108.27,79.18,5.35
526,Zamora,25,ES,1566687051,77,41.51,-5.74,80.01,4.7
527,Winslow,65,GB,1566687052,72,51.94,-0.88,68.0,3.36
528,Okha,100,RU,1566687052,86,53.59,142.95,53.44,2.62
529,Sonkovo,0,RU,1566687053,95,57.78,37.16,49.3,9.01
530,La Asuncion,3,AR,1566687053,58,-26.05,-65.39,52.0,4.79
531,Sur,0,OM,1566687053,50,22.57,59.53,82.6,4.92
